City_ID,City,Country,Date,Lat,Lng,Max Temp,Humidity,Cloudiness,Wind Speed
0,Hilo,US,2021-01-28 08:07:37,19.7297,-155.09,73.4,73,75,7.16
1,Punta Arenas,CL,2021-01-28 08:07:38,-53.15,-70.9167,44.6,81,90,10.36
2,Iralaya,HN,2021-01-28 08:07:38,15.0,-83.2333,77.0,84,0,9.33
3,Souillac,MU,2021-01-28 08:07:38,-20.5167,57.5167,87.8,62,40,13.8
4,Saint Anthony,US,2021-01-28 08:07:38,45.0205,-93.218,10.4,52,90,5.75
5,Bismil,TR,2021-01-28 08:07:38,37.8486,40.6658,53.6,62,75,11.5
6,Aripuana,BR,2021-01-28 08:07:23,-9.1667,-60.6333,70.86,99,96,0.4
7,Mecca,SA,2021-01-28 08:07:38,21.4267,39.8261,77.49,61,19,4.61
8,Qaanaaq,GL,2021-01-28 08:07:38,77.484,-69.3632,-10.98,68,0,8.3
9,Yellowknife,CA,2021-01-28 08:05:19,62.456,-114.3525,-11.0,77,90,5.75
10,Cape Town,ZA,2021-01-28 08:07:39,-33.9258,18.4232,73.0,52,0,18.41
11,Buchanan,LR,2021-01-28 08:05:14,5.8808,-10.0467,75.2,94,40,4.61
12,Lata,PT,2021-01-28 08:07:39,40.1629,-8.3327,55.99,100,88,1.81
13,Port Alfred,ZA,2021-01-28 08:04:41,-33.5906,26.891,71.01,76,6,1.01
14,Broome,US,2021-01-28 08:07:39,42.2506,-75.833,19.0,86,90,6.91
15,Neiafu,TO,2021-01-28 08:07:39,-18.65,-173.9833,75.2,94,90,18.41
16,Busselton,AU,2021-01-28 08:04:10,-33.65,115.3333,82.0,36,0,7.0
17,Thompson,CA,2021-01-28 08:06:59,55.7435,-97.8558,-18.38,88,0,2.86
18,Padang,ID,2021-01-28 08:07:40,-0.9492,100.3543,86.0,66,40,6.91
19,Sicuani,PE,2021-01-28 08:07:40,-14.2694,-71.2261,47.59,77,100,4.16
20,San Andres,CO,2021-01-28 08:03:21,12.5847,-81.7006,80.6,78,40,13.8
21,Visby,SE,2021-01-28 08:07:40,57.6409,18.296,32.0,100,90,5.75
22,Arraial Do Cabo,BR,2021-01-28 08:07:40,-22.9661,-42.0278,75.67,84,100,23.51
23,Tiksi,RU,2021-01-28 08:07:41,71.6872,128.8694,-27.26,85,100,5.06
24,Saskylakh,RU,2021-01-28 08:07:41,71.9167,114.0833,-44.28,78,48,3.24
25,Wilmington Island,US,2021-01-28 08:07:41,32.0036,-80.9737,53.01,71,1,12.66
26,Albany,US,2021-01-28 08:06:37,42.6001,-73.9662,24.01,74,90,11.5
27,Te Anau,NZ,2021-01-28 08:07:41,-45.4167,167.7167,44.42,84,69,5.14
28,Avarua,CK,2021-01-28 08:07:41,-21.2078,-159.775,78.8,89,20,5.75
29,Karaton,ID,2021-01-28 08:07:41,-6.3424,106.1045,82.4,74,40,14.97
30,Rikitea,PF,2021-01-28 08:07:42,-23.1203,-134.9692,79.7,72,78,7.7
31,Faanui,PF,2021-01-28 08:07:42,-16.4833,-151.75,80.64,74,0,11.25
32,Namatanai,PG,2021-01-28 08:07:42,-3.6667,152.4333,82.71,79,100,8.63
33,East London,ZA,2021-01-28 08:07:42,-33.0153,27.9116,69.8,73,20,8.05
34,Vaini,TO,2021-01-28 08:07:42,-21.2,-175.2,75.2,100,90,6.91
35,Yarega,RU,2021-01-28 08:07:42,63.4354,53.5765,26.76,97,99,10.85
36,North Bend,US,2021-01-28 08:07:42,43.4065,-124.2243,43.0,97,100,1.01
37,Kununurra,AU,2021-01-28 08:05:01,-15.7667,128.7333,78.8,100,90,10.36
38,Aklavik,CA,2021-01-28 08:07:43,68.2191,-135.0107,-22.0,76,95,5.75
39,Ushuaia,AR,2021-01-28 08:02:43,-54.8,-68.3,39.2,87,75,3.44
40,Chapais,CA,2021-01-28 08:03:14,49.7834,-74.8492,5.0,78,90,6.91
41,Kapoeta,SS,2021-01-28 08:07:43,4.7717,33.5903,93.07,21,57,24.45
42,Uaua,BR,2021-01-28 08:07:43,-9.8414,-39.4817,67.42,91,100,8.52
43,Makaha,US,2021-01-28 08:07:43,21.4694,-158.2175,75.2,68,1,8.05
44,Salalah,OM,2021-01-28 08:07:44,17.0151,54.0924,78.8,61,0,11.5
45,Saldanha,ZA,2021-01-28 08:07:44,-33.0117,17.9442,69.8,52,0,13.8
46,Labuhan,ID,2021-01-28 08:07:44,-6.8844,112.2051,82.49,80,87,20.15
47,Bluff,NZ,2021-01-28 08:07:44,-46.6,168.3333,48.99,80,85,8.99
48,Okha,RU,2021-01-28 08:07:44,53.5739,142.9478,6.19,95,100,7.83
49,Butaritari,KI,2021-01-28 08:07:44,3.0707,172.7902,81.46,80,100,17.83
50,Tahta,EG,2021-01-28 08:07:44,26.7693,31.5021,55.4,58,0,3.44
51,Conceicao Da Barra,BR,2021-01-28 08:07:44,-18.5933,-39.7322,72.41,88,100,2.93
52,Barrow,US,2021-01-28 08:07:45,71.2906,-156.7887,-7.6,77,90,3.44
53,Alyangula,AU,2021-01-28 08:07:45,-13.8483,136.4192,91.4,55,65,5.75
54,Lodja,CD,2021-01-28 08:07:45,-3.4833,23.4333,79.95,70,100,1.36
55,Oranjemund,NA,2021-01-28 08:07:45,-28.55,16.4333,66.45,62,0,13.69
56,Banyo,CM,2021-01-28 08:07:45,6.75,11.8167,78.94,20,93,2.48
57,Ostrovnoy,RU,2021-01-28 08:07:45,68.0531,39.5131,12.25,93,100,16.91
58,Dikson,RU,2021-01-28 08:07:46,73.5069,80.5464,-26.81,81,100,8.21
59,Anadyr,RU,2021-01-28 08:07:46,64.75,177.4833,10.4,79,75,15.66
60,New Norfolk,AU,2021-01-28 08:07:46,-42.7826,147.0587,62.01,50,100,3.0
61,Nikolskoye,RU,2021-01-28 08:07:46,59.7035,30.7861,32.0,100,75,4.47
62,Makakilo City,US,2021-01-28 08:07:46,21.3469,-158.0858,75.2,68,1,8.05
63,Hay River,CA,2021-01-28 08:07:46,60.8156,-115.7999,-20.2,76,100,3.44
64,Mataura,NZ,2021-01-28 08:02:53,-46.1927,168.8643,48.99,80,76,8.99
65,Khatanga,RU,2021-01-28 08:07:47,71.9667,102.5,-34.62,79,0,6.64
66,Tuktoyaktuk,CA,2021-01-28 08:07:47,69.4541,-133.0374,-26.95,85,3,6.11
67,Kapaa,US,2021-01-28 08:07:47,22.0752,-159.319,73.99,78,75,18.41
68,San Policarpo,PH,2021-01-28 08:07:47,12.1791,125.5072,79.34,83,100,17.13
69,Severo-Kurilsk,RU,2021-01-28 08:07:47,50.6789,156.125,25.48,95,94,26.69
70,Quarai,BR,2021-01-28 08:06:01,-30.3875,-56.4514,67.3,92,33,5.66
71,Saint-Pierre,RE,2021-01-28 08:07:47,-21.3393,55.4781,87.8,55,28,8.05
72,Liverpool,GB,2021-01-28 08:07:48,53.4106,-2.9779,46.99,100,90,9.22
73,Chuy,UY,2021-01-28 08:07:48,-33.6971,-53.4616,60.24,89,52,3.87
74,Agadez,NE,2021-01-28 08:07:48,19.75,10.25,59.04,42,0,13.89
75,Qarayeri,AZ,2021-01-28 08:07:48,40.7886,46.3066,46.4,49,75,4.61
76,Mahebourg,MU,2021-01-28 08:07:48,-20.4081,57.7,87.8,62,40,13.8
77,Ruteng,ID,2021-01-28 08:07:48,-8.6136,120.4721,67.64,100,100,4.23
78,Bredasdorp,ZA,2021-01-28 08:07:49,-34.5322,20.0403,69.8,49,1,2.3
79,Huarmey,PE,2021-01-28 08:07:49,-10.0681,-78.1522,70.36,76,94,7.56
80,Soe,ID,2021-01-28 08:07:49,-9.8607,124.284,76.23,79,100,8.19
81,Panzhihua,CN,2021-01-28 08:07:49,26.5851,101.7128,65.41,28,0,1.81
82,Christchurch,NZ,2021-01-28 08:05:44,-43.5333,172.6333,55.99,67,75,12.66
83,Airai,TL,2021-01-28 08:07:50,-8.9266,125.4092,63.5,100,100,5.53
84,Pevek,RU,2021-01-28 08:07:50,69.7008,170.3133,-21.75,88,100,2.62
85,Lebu,CL,2021-01-28 08:07:50,-37.6167,-73.65,55.78,82,99,2.8
86,Kodiak,US,2021-01-28 08:07:50,57.79,-152.4072,33.8,86,90,4.61
87,Bambous Virieux,MU,2021-01-28 08:07:50,-20.3428,57.7575,87.8,62,40,13.8
88,Shumskiy,RU,2021-01-28 08:07:51,54.8318,99.1328,9.05,79,15,17.47
89,Severobaykalsk,RU,2021-01-28 08:07:51,55.65,109.3167,-14.66,85,100,0.98
90,Jamestown,US,2021-01-28 08:06:52,42.097,-79.2353,18.0,92,90,8.32
91,Muisne,EC,2021-01-28 08:07:51,0.6,-80.0333,75.72,88,77,2.64
92,Hambantota,LK,2021-01-28 08:07:51,6.1241,81.1185,89.6,66,90,10.36
93,Juneau,US,2021-01-28 08:06:29,58.3019,-134.4197,10.4,79,1,7.61
94,Nome,US,2021-01-28 08:07:51,64.5011,-165.4064,15.8,57,75,8.05
95,Kursavka,RU,2021-01-28 08:07:51,44.4564,42.5093,32.0,100,90,4.47
96,Isangel,VU,2021-01-28 08:07:52,-19.55,169.2667,80.4,83,100,15.28
97,Port Augusta,AU,2021-01-28 08:07:52,-32.5,137.7667,73.4,73,90,19.57
98,Tarakan,ID,2021-01-28 08:07:19,3.3,117.6333,86.0,70,75,5.75
99,Taoudenni,ML,2021-01-28 08:07:52,22.6783,-3.9836,63.5,40,0,15.52
100,Sinegorskiy,RU,2021-01-28 08:07:53,48.0139,40.8447,34.59,94,100,9.82
101,Vila Velha,BR,2021-01-28 08:07:53,-20.3297,-40.2925,73.4,88,0,2.3
102,Homer,US,2021-01-28 08:06:15,59.6425,-151.5483,33.01,93,90,5.08
103,Harper,LR,2021-01-28 08:07:53,4.375,-7.7169,79.18,86,49,4.12
104,Honningsvag,NO,2021-01-28 08:07:53,70.9821,25.9704,26.6,54,75,14.97
105,Tautira,PF,2021-01-28 08:07:53,-17.7333,-149.15,78.8,78,20,2.3
106,Provideniya,RU,2021-01-28 08:07:53,64.3833,-173.3,2.19,89,100,24.18
107,Bambanglipuro,ID,2021-01-28 08:07:54,-7.95,110.2833,84.43,70,97,12.15
108,Codajas,BR,2021-01-28 08:07:54,-3.8367,-62.0569,71.94,97,79,1.5
109,San Ramon,US,2021-01-28 08:07:00,37.7799,-121.978,50.0,93,90,3.44
110,Komsomolskiy,UZ,2021-01-28 08:07:54,40.4272,71.7189,42.8,39,0,4.61
111,Riyadh,SA,2021-01-28 08:04:26,24.6877,46.7219,71.6,21,0,23.02
112,Inirida,CO,2021-01-28 08:07:54,3.8653,-67.9239,71.98,91,99,2.21
113,Toamasina,MG,2021-01-28 08:07:54,-18.1667,49.3833,89.6,62,20,9.22
114,Santa Ana,US,2021-01-28 08:07:06,33.7456,-117.8678,51.8,71,1,3.44
115,Balkanabat,TM,2021-01-28 08:07:55,39.5108,54.3671,59.49,29,100,17.34
116,Lypova Dolyna,UA,2021-01-28 08:07:55,50.5643,33.7979,36.34,97,100,7.29
117,Nemuro,JP,2021-01-28 08:07:55,43.3236,145.575,19.4,73,0,3.44
118,Dongsheng,CN,2021-01-28 08:07:55,39.8161,109.9776,23.74,66,0,18.84
119,Bonavista,CA,2021-01-28 08:07:55,48.6499,-53.1147,27.0,100,100,3.44
120,Hermanus,ZA,2021-01-28 08:07:55,-34.4187,19.2345,72.0,55,0,5.01
121,Cayenne,GF,2021-01-28 08:07:56,4.9333,-52.3333,77.0,83,90,4.61
122,Teguldet,RU,2021-01-28 08:07:56,57.3064,88.1667,-16.74,83,100,3.36
123,Tefe,BR,2021-01-28 08:07:56,-3.3542,-64.7114,71.46,94,100,1.66
124,Saint-Leu,RE,2021-01-28 08:07:56,-21.15,55.2833,87.8,55,13,8.05
125,Carnarvon,AU,2021-01-28 08:07:56,-24.8667,113.6333,86.0,54,0,20.71
126,Mar Del Plata,AR,2021-01-28 08:07:56,-38.0023,-57.5575,64.99,94,0,4.61
127,Longyearbyen,SJ,2021-01-28 08:07:56,78.2186,15.6401,1.4,60,20,25.32
128,Bhatkal,IN,2021-01-28 08:07:57,13.9667,74.5667,84.07,51,96,8.32
129,Jacareacanga,BR,2021-01-28 08:07:57,-6.2222,-57.7528,72.99,93,100,0.6
130,Taganak,PH,2021-01-28 08:07:57,6.0833,118.3,86.0,74,20,10.36
131,Tasiilaq,GL,2021-01-28 08:07:57,65.6145,-37.6368,23.0,50,90,21.85
132,Salisbury,GB,2021-01-28 08:06:40,51.0693,-1.7957,53.01,93,75,20.71
133,Santa Rosa,PH,2021-01-28 08:07:57,14.3122,121.1114,80.6,83,90,4.61
134,Volterra,IT,2021-01-28 08:07:57,43.4003,10.86,39.0,75,57,3.89
135,Hobart,AU,2021-01-28 08:07:29,-42.8794,147.3294,62.01,51,75,11.5
136,Castro,BR,2021-01-28 08:07:58,-24.7911,-50.0119,66.18,84,100,4.88
137,Saint-Francois,FR,2021-01-28 08:07:58,46.4154,3.9054,51.01,100,90,10.36
138,Katsuura,JP,2021-01-28 08:07:58,35.1333,140.3,42.8,87,75,14.97
139,Umarizal,BR,2021-01-28 08:07:58,-5.9906,-37.8144,74.75,78,27,7.14
140,Urumqi,CN,2021-01-28 08:07:58,43.801,87.6005,10.4,85,20,4.47
141,Lompoc,US,2021-01-28 08:07:59,34.6391,-120.4579,53.6,87,90,18.41
142,Egvekinot,RU,2021-01-28 08:07:59,66.3167,-179.1667,-13.43,86,100,23.76
143,Newcastleton,GB,2021-01-28 08:07:59,55.1796,-2.8127,32.0,100,90,10.36
144,Namibe,AO,2021-01-28 08:07:59,-15.1961,12.1522,71.6,78,40,11.5
145,Henties Bay,NA,2021-01-28 08:07:59,-22.116,14.2845,66.7,77,0,4.32
146,Ola,RU,2021-01-28 08:07:59,59.5833,151.2833,-15.29,81,0,12.24
147,Calamar,CO,2021-01-28 08:07:59,10.2511,-74.9146,75.2,94,0,4.61
148,Hovd,MN,2021-01-28 08:08:00,48.0056,91.6419,14.14,72,0,3.0
149,Wanning,CN,2021-01-28 08:07:16,18.8003,110.3967,73.35,62,9,13.13
150,Talnakh,RU,2021-01-28 08:07:19,69.4865,88.3972,-30.69,79,19,5.66
151,Caravelas,BR,2021-01-28 08:08:00,-17.7125,-39.2481,72.88,89,74,3.58
152,Cabo San Lucas,MX,2021-01-28 08:08:00,22.8909,-109.9124,57.99,76,96,2.89
153,Ugoofaaru,MV,2021-01-28 08:08:00,5.6667,73.0,81.27,59,0,10.25
154,Powell River,CA,2021-01-28 08:08:00,49.8496,-124.5361,35.6,100,90,2.3
155,College,US,2021-01-28 08:08:00,64.8569,-147.8028,-23.8,69,1,4.03
156,Yulara,AU,2021-01-28 08:08:01,-25.2406,130.9889,93.2,36,99,4.61
157,Villamontes,BO,2021-01-28 08:08:01,-21.25,-63.5,68.2,88,0,5.99
158,Tuatapere,NZ,2021-01-28 08:08:01,-46.1333,167.6833,48.99,80,87,8.99
159,Ilulissat,GL,2021-01-28 08:08:01,69.2167,-51.1,6.8,47,0,3.44
160,San Jeronimo,PE,2021-01-28 08:08:01,-11.9472,-75.2829,50.11,76,100,2.91
161,Lumsden,CA,2021-01-28 08:08:02,50.6501,-104.8678,1.4,85,90,21.85
162,Avera,US,2021-01-28 08:08:02,33.194,-82.5271,44.6,81,1,14.97
163,Adrar,MR,2021-01-28 08:08:02,20.5022,-10.0711,60.12,33,0,11.41
164,Kavieng,PG,2021-01-28 08:08:02,-2.5744,150.7967,83.37,79,100,12.91
165,Gobabis,NA,2021-01-28 08:08:02,-22.45,18.9667,76.59,27,47,12.03
166,Cherskiy,RU,2021-01-28 08:08:02,68.75,161.3,-27.26,85,94,3.8
167,Kungurtug,RU,2021-01-28 08:08:02,50.5994,97.5228,19.09,90,100,10.67
168,Nkhata Bay,MW,2021-01-28 08:08:03,-11.6066,34.2907,81.64,62,88,2.3
169,Saint George,US,2021-01-28 08:08:03,37.1041,-113.5841,39.2,60,75,9.22
170,Ivanivka,UA,2021-01-28 08:08:03,46.7208,34.553,41.49,69,88,20.0
171,Bethel,US,2021-01-28 08:08:03,41.3712,-73.414,26.6,68,90,10.18
172,Iqaluit,CA,2021-01-28 08:08:03,63.7506,-68.5145,-5.01,65,1,31.07
173,Mozarlandia,BR,2021-01-28 08:06:09,-14.7447,-50.5706,70.54,95,100,6.93
174,Hasaki,JP,2021-01-28 08:08:04,35.7333,140.8333,37.4,100,75,16.11
175,Marathon,US,2021-01-28 08:08:04,44.9,-89.7668,3.2,78,1,4.7
176,Belmonte,BR,2021-01-28 08:08:04,-15.8631,-38.8828,69.8,94,40,2.3
177,Hithadhoo,MV,2021-01-28 08:08:04,-0.6,73.0833,81.34,79,100,15.19
178,Hamilton,US,2021-01-28 08:08:04,39.1834,-84.5333,24.01,79,20,8.05
179,Vardo,NO,2021-01-28 08:08:05,70.3705,31.1107,26.6,63,75,19.57
180,Vagur,FO,2021-01-28 08:08:05,61.4732,-6.8119,34.38,82,28,13.58
181,Morro Bay,US,2021-01-28 08:04:20,35.3658,-120.8499,54.0,95,100,5.99
182,Georgetown,MY,2021-01-28 08:07:59,5.4112,100.3354,89.6,58,40,6.91
183,Ponta Do Sol,PT,2021-01-28 08:08:05,32.6667,-17.1,59.0,79,52,1.01
184,Port Lincoln,AU,2021-01-28 08:08:05,-34.7333,135.8667,64.6,87,100,3.58
185,Kaitangata,NZ,2021-01-28 08:08:06,-46.2817,169.8464,48.99,76,51,8.01
186,Piacabucu,BR,2021-01-28 08:05:56,-10.4056,-36.4344,74.93,83,14,3.04
187,Arawa,PG,2021-01-28 08:08:06,-6.2132,155.5367,80.58,81,99,4.68
188,Storforshei,NO,2021-01-28 08:08:06,66.4043,14.5233,24.8,54,75,8.05
189,Lucapa,AO,2021-01-28 08:08:06,-8.4192,20.7447,67.69,97,100,3.09
190,Kaka,TM,2021-01-28 08:08:06,37.3482,59.6143,51.13,44,0,8.93
191,Dhilwan,IN,2021-01-28 08:08:07,31.5169,75.35,66.2,52,0,4.61
192,Norman Wells,CA,2021-01-28 08:08:07,65.282,-126.8329,-25.6,75,40,5.75
193,Sao Jose Da Coroa Grande,BR,2021-01-28 08:08:07,-8.8978,-35.1478,75.42,84,34,3.69
194,Sayyan,YE,2021-01-28 08:08:07,15.1718,44.3244,65.88,20,0,6.17
195,Ribeira Grande,PT,2021-01-28 08:08:08,38.5167,-28.7,59.0,88,40,10.36
196,Cervo,ES,2021-01-28 08:08:08,43.6702,-7.4101,55.0,90,100,14.0
197,Canelones,UY,2021-01-28 08:08:08,-34.6444,-56.2886,63.0,94,0,5.75
198,Tabuk,PH,2021-01-28 08:06:01,17.4189,121.4443,75.24,77,22,10.56
199,Champerico,GT,2021-01-28 08:08:08,14.3,-91.9167,63.0,96,11,1.99
200,Ambon,ID,2021-01-28 08:08:08,-3.6954,128.1814,87.8,62,40,6.91
201,Vestmanna,FO,2021-01-28 08:08:08,62.1564,-7.1664,30.2,80,90,6.91
202,Lorengau,PG,2021-01-28 08:08:09,-2.0226,147.2712,81.88,80,100,9.33
203,Kaeo,NZ,2021-01-28 08:08:09,-35.1,173.7833,71.01,69,1,5.01
204,Nuuk,GL,2021-01-28 08:08:09,64.1835,-51.7216,30.2,51,75,13.8
205,Marrakesh,MA,2021-01-28 08:07:11,31.6315,-8.0083,51.8,66,0,2.3
206,Barsovo,RU,2021-01-28 08:08:09,61.1667,73.1667,-13.0,70,90,13.42
207,Geraldton,AU,2021-01-28 08:04:06,-28.7667,114.6,78.8,47,0,28.77
208,Palu,ID,2021-01-28 08:08:09,-0.8917,119.8707,81.66,73,95,4.12
209,Hualmay,PE,2021-01-28 08:08:10,-11.0964,-77.6139,69.71,80,97,8.19
210,Tiznit,MA,2021-01-28 08:08:10,29.5833,-9.5,61.59,35,0,5.28
211,Okakarara,NA,2021-01-28 08:08:10,-20.5833,17.4333,76.21,50,88,8.37
212,Qaqortoq,GL,2021-01-28 08:08:10,60.7167,-46.0333,41.0,33,75,24.16
213,Okhtyrka,UA,2021-01-28 08:05:28,50.3104,34.8988,38.01,90,100,10.2
214,Cuenca,EC,2021-01-28 08:08:10,-2.8833,-78.9833,57.2,94,99,1.36
215,Bengkulu,ID,2021-01-28 08:08:10,-3.8004,102.2655,81.97,69,100,5.97
216,Dembi Dolo,ET,2021-01-28 08:08:11,8.5333,34.8,74.37,45,20,6.08
217,Russell,US,2021-01-28 08:08:11,32.3502,-85.1999,44.6,75,1,11.5
218,Sobolevo,RU,2021-01-28 08:08:11,54.4299,31.8996,27.95,98,100,3.85
219,Quelimane,MZ,2021-01-28 08:08:11,-17.8786,36.8883,86.0,70,20,5.75
220,Saint-Philippe,RE,2021-01-28 08:08:11,-21.3585,55.7679,87.8,55,49,8.05
221,Ilukste,LV,2021-01-28 08:08:11,55.9775,26.2966,26.71,98,85,3.89
222,Victoria,HK,2021-01-28 08:08:06,22.2855,114.1577,73.99,63,0,9.31
223,Pouembout,NC,2021-01-28 08:08:12,-21.1333,164.9,79.57,80,40,6.67
224,Nivala,FI,2021-01-28 08:08:12,63.9167,24.9667,17.01,92,100,1.01
225,Kieta,PG,2021-01-28 08:08:12,-6.2167,155.6333,81.86,79,99,8.43
226,Tevriz,RU,2021-01-28 08:08:12,57.509,72.4042,25.25,97,100,10.67
227,Morgantown,US,2021-01-28 08:06:18,39.6295,-79.9559,27.0,70,100,4.0
228,Sorong,ID,2021-01-28 08:08:12,-0.8833,131.25,83.59,73,90,13.15
229,Luanda,AO,2021-01-28 08:05:17,-8.8368,13.2343,84.2,70,75,4.61
230,Paka,MY,2021-01-28 08:07:32,4.6374,103.4368,82.4,78,40,11.5
231,Klaksvik,FO,2021-01-28 08:06:11,62.2266,-6.589,30.2,80,90,6.91
232,Comodoro Rivadavia,AR,2021-01-28 08:08:13,-45.8667,-67.5,57.2,58,0,16.11
233,Atuona,PF,2021-01-28 08:08:13,-9.8,-139.0333,78.55,75,0,14.29
234,Okhotsk,RU,2021-01-28 08:08:13,59.3833,143.3,-8.66,78,13,8.21
235,Olafsvik,IS,2021-01-28 08:08:13,64.8945,-23.7142,30.29,86,97,9.15
236,Cap-Aux-Meules,CA,2021-01-28 08:08:13,47.3821,-61.8597,24.8,68,100,16.11
237,Bambari,CF,2021-01-28 08:08:13,5.768,20.6757,83.62,52,86,5.14
238,Mogadishu,SO,2021-01-28 08:08:13,2.0371,45.3438,84.2,51,75,16.11
239,Ust-Ishim,RU,2021-01-28 08:08:14,57.6935,71.1665,26.2,95,100,11.03
240,Erenhot,CN,2021-01-28 08:08:14,43.6475,111.9767,4.44,87,18,9.01
241,Sitka,US,2021-01-28 08:08:14,57.0531,-135.33,24.8,68,1,3.44
242,Keita,NE,2021-01-28 08:08:14,14.7551,5.7749,66.2,18,0,6.91
243,Half Moon Bay,US,2021-01-28 08:08:14,37.4636,-122.4286,52.0,100,90,19.57
244,Sangar,RU,2021-01-28 08:08:14,63.9242,127.4739,-53.19,73,48,0.83
245,Orbetello,IT,2021-01-28 08:08:15,42.4408,11.2196,41.0,70,75,3.44
246,Nouadhibou,MR,2021-01-28 08:08:15,20.931,-17.0347,60.8,55,0,9.22
247,Gigmoto,PH,2021-01-28 08:08:15,13.7796,124.39,78.62,75,74,16.87
248,Nicoya,CR,2021-01-28 08:08:15,10.1483,-85.452,74.98,77,88,8.28
249,Lavrentiya,RU,2021-01-28 08:08:15,65.5833,-171.0,-0.71,88,100,16.24
250,Meulaboh,ID,2021-01-28 08:08:15,4.1363,96.1285,83.61,71,62,7.14
251,Port-Gentil,GA,2021-01-28 08:08:15,-0.7193,8.7815,77.0,94,20,2.3
252,Chokurdakh,RU,2021-01-28 08:08:15,70.6333,147.9167,-14.4,89,100,7.36
253,Havoysund,NO,2021-01-28 08:08:16,70.9963,24.6622,26.6,54,75,14.97
254,Arman,RU,2021-01-28 08:08:16,59.7,150.1667,-15.41,78,0,11.5
255,Yerofey Pavlovich,RU,2021-01-28 08:08:16,53.9667,121.9667,-20.96,81,89,2.24
256,Natal,BR,2021-01-28 08:08:16,-5.795,-35.2094,78.8,78,20,8.05
257,Sal Rei,CV,2021-01-28 08:08:16,16.1833,-22.9167,68.0,94,0,11.5
258,Bezhetsk,RU,2021-01-28 08:08:16,57.7851,36.6965,25.36,98,100,6.24
259,Hervey Bay,AU,2021-01-28 08:08:16,-25.2986,152.8535,75.99,85,88,4.0
260,Aitape,PG,2021-01-28 08:08:16,-3.1374,142.3475,79.34,85,100,5.48
261,Bandar,ID,2021-01-28 08:03:25,2.05,99.75,84.33,72,100,4.14
262,Saint-Denis,FR,2021-01-28 08:08:17,48.9167,2.3333,53.6,94,90,17.27
263,Cidreira,BR,2021-01-28 08:08:17,-30.1811,-50.2056,71.19,91,100,7.85
264,Vyartsilya,RU,2021-01-28 08:08:17,62.1764,30.693,27.34,98,80,5.41
265,Kaukauna,US,2021-01-28 08:08:17,44.278,-88.272,8.01,56,1,8.05
266,Puerto Parra,CO,2021-01-28 08:08:17,6.6515,-74.0573,72.36,96,69,1.83
267,Puerto Carreno,CO,2021-01-28 08:08:18,6.189,-67.4859,75.7,68,100,13.35
268,Roma,US,2021-01-28 08:08:18,43.2128,-75.4557,21.2,73,90,5.75
269,Thinadhoo,MV,2021-01-28 08:08:18,0.5333,72.9333,81.05,71,99,16.04
270,Manta,EC,2021-01-28 08:08:18,-0.95,-80.7333,77.85,78,100,6.38
271,Mezen,RU,2021-01-28 08:08:18,65.8522,44.24,1.4,92,99,8.03
272,Port Elizabeth,ZA,2021-01-28 08:04:12,-33.918,25.5701,69.8,56,0,4.61
273,Bilibino,RU,2021-01-28 08:08:18,68.0546,166.4372,-15.38,83,100,7.45
274,Paamiut,GL,2021-01-28 08:08:19,61.994,-49.6678,33.33,83,60,3.42
275,Palmer,US,2021-01-28 08:08:19,42.1584,-72.3287,28.4,74,61,4.61
276,Constitucion,CL,2021-01-28 08:08:19,-35.3333,-72.4167,55.85,72,49,5.93
277,Ancud,CL,2021-01-28 08:08:19,-41.8697,-73.8203,51.01,100,0,3.44
278,Puerto Ayora,EC,2021-01-28 08:08:19,-0.7393,-90.3518,77.0,94,64,3.0
279,Salinopolis,BR,2021-01-28 08:08:19,-0.6136,-47.3561,78.06,83,100,4.38
280,Lasa,IT,2021-01-28 08:08:20,46.6166,10.7002,26.6,93,75,5.75
281,Sozimskiy,RU,2021-01-28 08:08:20,59.7418,52.2482,25.16,97,100,9.8
282,Roald,NO,2021-01-28 08:08:20,62.5833,6.1333,33.8,69,40,8.05
283,Alofi,NU,2021-01-28 08:08:20,-19.0595,-169.9187,75.2,100,100,6.91
284,Guangyuan,CN,2021-01-28 08:08:20,32.442,105.823,44.01,77,1,1.99
285,Bartica,GY,2021-01-28 08:08:20,6.4,-58.6167,73.4,100,75,2.3
286,Nanortalik,GL,2021-01-28 08:08:20,60.1432,-45.2371,24.67,90,84,4.81
287,Upernavik,GL,2021-01-28 08:08:21,72.7868,-56.1549,-7.44,90,59,6.24
288,Moranbah,AU,2021-01-28 08:08:21,-22.0016,148.0466,84.94,50,82,18.9
289,Pulaski,US,2021-01-28 08:08:21,34.7668,-92.3001,35.6,64,90,13.8
290,Bogovarovo,RU,2021-01-28 08:08:21,58.9785,47.0246,30.45,98,100,2.21
291,Imeni Poliny Osipenko,RU,2021-01-28 08:08:21,52.4201,136.4853,-4.99,91,100,3.33
292,Urucurituba,BR,2021-01-28 08:08:21,-2.6833,-57.6667,71.98,96,95,1.72
293,Ilo,PE,2021-01-28 08:08:21,-17.6394,-71.3375,66.42,79,19,1.9
294,Caconda,AO,2021-01-28 08:08:22,-13.7333,15.0667,64.2,52,97,3.2
295,Vaitape,PF,2021-01-28 08:08:22,-16.5167,-151.75,80.65,74,0,11.36
296,Grand Forks,US,2021-01-28 08:08:22,47.9417,-97.4337,5.0,85,75,5.35
297,Mount Isa,AU,2021-01-28 08:08:22,-20.7333,139.5,96.8,30,40,12.66
298,Jiuquan,CN,2021-01-28 08:08:22,39.7432,98.5174,33.35,75,0,3.91
299,Petropavlovsk-Kamchatskiy,RU,2021-01-28 08:08:22,53.0452,158.6483,17.6,57,100,6.71
300,Amahai,ID,2021-01-28 08:08:22,-3.3333,128.9167,84.97,72,88,3.33
301,Longyan,CN,2021-01-28 08:08:23,25.1072,117.0225,66.0,34,0,3.0
302,Port Jervis,US,2021-01-28 08:08:23,41.3751,-74.6927,25.0,82,100,10.76
303,Phalaborwa,ZA,2021-01-28 08:08:23,-23.943,31.1411,86.0,66,65,4.61
304,Kloulklubed,PW,2021-01-28 08:08:23,7.0419,134.2556,84.2,74,75,9.22
305,Ayyampettai,IN,2021-01-28 08:08:23,10.9014,79.1798,84.2,61,40,11.5
306,Margate,GB,2021-01-28 08:07:57,51.3813,1.3862,51.01,91,96,4.0
307,Paducah,US,2021-01-28 08:08:24,37.0834,-88.6001,30.2,69,90,9.22
308,Biak,ID,2021-01-28 08:08:24,-0.9131,122.8766,84.52,63,85,9.31
309,Aktau,KZ,2021-01-28 08:07:30,43.65,51.2,46.4,46,40,35.79
310,Pisco,PE,2021-01-28 08:08:24,-13.7,-76.2167,66.99,82,0,4.61
311,Biankouma,CI,2021-01-28 08:08:24,7.7391,-7.6138,69.51,65,3,2.62
312,Ca Mau,VN,2021-01-28 08:08:24,9.1769,105.15,84.52,60,96,12.5
313,Meridian,US,2021-01-28 08:05:20,43.6121,-116.3915,43.0,65,100,17.27
314,Ruidoso,US,2021-01-28 08:08:25,33.3317,-105.673,26.6,43,1,4.61
315,Leningradskiy,RU,2021-01-28 08:08:25,69.3833,178.4167,-18.17,87,100,1.57
316,Dingle,PH,2021-01-28 08:08:25,10.9995,122.6711,79.68,85,100,12.48
317,Mahina,PF,2021-01-28 08:08:25,-17.5065,-149.489,78.8,78,20,2.3
318,Lerwick,GB,2021-01-28 08:08:25,60.1545,-1.1494,32.0,80,20,8.05
319,Kidal,ML,2021-01-28 08:06:47,18.4411,1.4078,66.92,23,20,19.84
320,Itacurubi Del Rosario,PY,2021-01-28 08:08:26,-24.5,-56.6833,71.53,98,26,4.61
321,Arlit,NE,2021-01-28 08:08:26,18.7369,7.3853,68.36,23,0,7.67
322,Tynda,RU,2021-01-28 08:08:26,55.1667,124.7167,-31.52,80,100,2.46
323,Husavik,IS,2021-01-28 08:08:26,66.0449,-17.3389,8.6,78,0,5.75
324,Buala,SB,2021-01-28 08:08:26,-8.145,159.5921,81.64,81,100,11.43
325,Sao Filipe,CV,2021-01-28 08:08:26,14.8961,-24.4956,73.4,63,100,6.53
326,Chenzhou,CN,2021-01-28 08:08:26,25.8,113.0333,56.25,50,77,4.81
327,Abadan,IR,2021-01-28 08:08:27,30.3392,48.3043,68.0,34,0,9.22
328,Calama,CL,2021-01-28 08:08:27,-22.4667,-68.9333,50.0,40,0,16.11
329,Haines Junction,CA,2021-01-28 08:08:27,60.7522,-137.5108,-32.8,68,96,1.14
330,Codrington,AU,2021-01-28 08:08:27,-38.2667,141.9667,77.47,55,80,15.95
331,Praia Da Vitoria,PT,2021-01-28 08:08:27,38.7333,-27.0667,60.8,100,40,10.78
332,Guaira,BR,2021-01-28 08:08:28,-20.3183,-48.3106,67.71,93,100,2.93
333,Mutis,CO,2021-01-28 08:08:28,6.2262,-77.4044,77.61,82,43,3.74
334,Almaznyy,RU,2021-01-28 08:08:28,48.0448,40.045,35.6,100,90,13.42
335,Tabriz,IR,2021-01-28 08:08:28,38.08,46.2919,32.0,74,75,2.44
336,Matara,LK,2021-01-28 08:08:28,5.9485,80.5353,83.3,66,62,4.72
337,Qui Nhon,VN,2021-01-28 08:08:28,13.7667,109.2333,74.64,74,33,19.01
338,Puerto Baquerizo Moreno,EC,2021-01-28 08:08:28,-0.9,-89.6,75.94,87,58,7.14
339,Gornopravdinsk,RU,2021-01-28 08:08:29,60.05,69.9,23.5,97,100,11.68
340,Canakkale,TR,2021-01-28 08:04:15,40.0833,26.8333,35.6,80,75,8.05
341,Sawtell,AU,2021-01-28 08:08:29,-30.3833,153.1,79.0,69,75,6.91
342,Kruisfontein,ZA,2021-01-28 08:08:29,-34.0033,24.7314,78.01,47,23,5.01
343,Svetlogorsk,BY,2021-01-28 08:08:29,52.6333,29.7333,30.54,98,100,4.88
344,Vanimo,PG,2021-01-28 08:08:29,-2.6741,141.3028,78.39,89,100,8.21
345,Poum,NC,2021-01-28 08:08:29,-20.2333,164.0167,80.96,79,92,9.73
346,Soyo,AO,2021-01-28 08:08:30,-6.1349,12.3689,78.8,89,75,4.61
347,Melito Di Porto Salvo,IT,2021-01-28 08:08:30,37.9222,15.7714,50.0,87,90,4.61
348,Saint-Raphael,HT,2021-01-28 08:08:30,19.4333,-72.2,65.25,92,0,0.83
349,Toul,FR,2021-01-28 08:08:30,48.6667,5.9167,51.8,93,90,16.11
350,Iquique,CL,2021-01-28 08:04:59,-20.2208,-70.1431,66.2,82,90,2.3
351,Luderitz,NA,2021-01-28 08:08:30,-26.6481,15.1594,76.08,34,0,21.18
352,Sioux Lookout,CA,2021-01-28 08:08:30,50.1001,-91.917,-25.6,75,1,2.46
353,Ankpa,NG,2021-01-28 08:08:31,7.3706,7.6253,78.8,74,30,5.77
354,Northwich,GB,2021-01-28 08:04:52,53.2614,-2.5123,46.0,100,90,3.44
355,Vestmannaeyjar,IS,2021-01-28 08:08:31,63.4427,-20.2734,32.0,69,20,27.63
356,Yerbogachen,RU,2021-01-28 08:08:31,61.2767,108.0108,-32.85,81,44,7.87
357,Yeppoon,AU,2021-01-28 08:08:31,-23.1333,150.7333,82.4,57,40,11.5
358,Seoul,KR,2021-01-28 08:05:28,37.5683,126.9778,30.2,40,40,23.02
359,Kulhudhuffushi,MV,2021-01-28 08:08:31,6.6221,73.07,81.41,63,24,10.85
360,Jambi,ID,2021-01-28 08:08:32,-1.6,103.6167,81.0,82,99,3.2
361,Mumford,GH,2021-01-28 08:08:32,5.2618,-0.759,79.61,84,12,7.92
362,Zaysan,KZ,2021-01-28 08:08:32,47.4667,84.8667,8.85,94,100,2.77
363,Blagoyevo,RU,2021-01-28 08:08:32,63.3667,47.9167,26.37,97,95,7.43
364,Betare Oya,CM,2021-01-28 08:08:32,5.6,14.0833,82.38,45,33,3.89
365,Lufilufi,WS,2021-01-28 08:08:32,-13.8745,-171.5986,77.0,100,90,10.36
366,Uyaan,PH,2021-01-28 08:08:32,7.8631,124.0411,71.37,81,100,3.87
367,Vanavara,RU,2021-01-28 08:08:32,60.34,102.2797,-23.91,83,100,10.71
368,Ridgetown,CA,2021-01-28 08:08:33,42.4334,-81.8998,19.4,68,75,12.66
369,Tilichiki,RU,2021-01-28 08:08:33,60.4667,166.1,-4.54,92,100,5.64
370,Eenhana,NA,2021-01-28 08:08:33,-17.4667,16.3333,80.6,69,0,8.05
371,Zheleznodorozhnyy,RU,2021-01-28 08:08:33,55.7503,38.0042,32.0,93,90,6.71
372,Bone,DE,2021-01-28 08:08:33,51.9669,12.1396,39.0,95,100,4.0
373,Havre-Saint-Pierre,CA,2021-01-28 08:08:34,50.2334,-63.5986,10.4,72,1,12.66
374,Bousso,TD,2021-01-28 08:08:34,10.4795,16.7117,82.9,12,17,9.37
375,Njeru,UG,2021-01-28 08:08:34,0.4186,33.1731,79.93,44,33,5.37
376,Yanji,CN,2021-01-28 08:05:06,42.9075,129.5078,14.88,88,100,14.79
377,Sulangan,PH,2021-01-28 08:08:34,11.1373,123.7228,80.65,81,100,22.84
378,Merauke,ID,2021-01-28 08:08:34,-8.4667,140.3333,82.31,79,100,16.98
379,Luganville,VU,2021-01-28 08:08:34,-15.5333,167.1667,77.88,82,100,4.83
380,Kahului,US,2021-01-28 08:07:09,20.8947,-156.47,73.4,64,1,14.97
381,Bichura,RU,2021-01-28 08:08:35,50.5881,107.6022,0.28,86,100,2.86
382,Mercedes,AR,2021-01-28 08:04:27,-34.6515,-59.4307,69.01,77,49,8.01
383,Kimbe,PG,2021-01-28 08:08:35,-5.5502,150.1429,80.33,83,100,4.61
384,Inhambane,MZ,2021-01-28 08:08:35,-23.865,35.3833,87.8,74,40,9.22
385,Kasamwa,TZ,2021-01-28 08:08:35,-2.85,32.4333,75.74,68,1,5.1
386,Katobu,ID,2021-01-28 08:08:35,-4.9408,122.5276,82.63,77,100,8.3
387,Beloha,MG,2021-01-28 08:08:36,-25.1667,45.05,97.27,36,1,7.02
388,Sorland,NO,2021-01-28 08:08:36,67.667,12.6934,32.0,64,0,13.8
389,Esperance,AU,2021-01-28 08:08:36,-33.8667,121.9,75.2,53,0,19.57
390,Camana,PE,2021-01-28 08:08:36,-16.6228,-72.7111,67.6,80,26,5.32
391,Sokna,NO,2021-01-28 08:08:36,60.24,9.9235,12.99,86,7,3.44
392,Dharchula,IN,2021-01-28 08:08:36,29.85,80.5333,66.81,18,0,7.87
393,Amarante Do Maranhao,BR,2021-01-28 08:08:37,-5.5667,-46.7422,68.79,94,100,2.55
394,Kangaatsiaq,GL,2021-01-28 08:08:37,68.3065,-53.4641,7.21,92,23,7.36
395,Narsaq,GL,2021-01-28 08:08:37,60.9167,-46.05,41.0,33,75,24.16
396,Tacna,PE,2021-01-28 08:08:37,-18.0056,-70.2483,71.6,64,90,4.61
397,Jalu,LY,2021-01-28 08:08:37,29.0331,21.5482,55.9,50,0,13.62
398,Sergeyevka,KZ,2021-01-28 08:08:37,53.88,67.4158,20.43,96,100,17.05
399,Nizhniy Kuranakh,RU,2021-01-28 08:08:37,58.8353,125.4869,-39.8,78,100,0.18
400,Bodden Town,KY,2021-01-28 08:08:38,19.2833,-81.25,78.01,85,0,5.99
401,Asau,RO,2021-01-28 08:08:38,46.4333,26.4,34.0,60,90,5.75
402,Clyde River,CA,2021-01-28 08:08:38,70.4692,-68.5914,-13.0,70,1,5.75
403,Manggar,ID,2021-01-28 08:08:38,-2.8833,108.2667,81.01,78,100,10.42
404,Touros,BR,2021-01-28 08:08:38,-5.1989,-35.4608,75.2,88,20,3.44
405,Coihaique,CL,2021-01-28 08:08:38,-45.5752,-72.0662,50.0,50,20,9.22
406,Cabedelo,BR,2021-01-28 08:08:39,-6.9811,-34.8339,75.2,94,40,2.3
407,Zyryanka,RU,2021-01-28 08:08:39,65.75,150.85,-27.26,85,100,1.99
408,Kohtla-Jarve,EE,2021-01-28 08:08:39,59.3986,27.2731,28.85,98,100,5.68
409,Constantine,DZ,2021-01-28 08:08:39,36.365,6.6147,51.8,87,75,6.91
410,Hanmer Springs,NZ,2021-01-28 08:08:39,-42.5167,172.8167,48.16,82,97,2.66
411,Pangnirtung,CA,2021-01-28 08:08:39,66.1451,-65.7125,5.14,69,0,2.95
412,Maragogi,BR,2021-01-28 08:08:40,-9.0122,-35.2225,74.98,85,15,2.15
413,Flin Flon,CA,2021-01-28 08:08:40,54.7682,-101.865,-11.56,89,12,7.4
414,Dali,CN,2021-01-28 08:08:40,25.7,100.1833,61.5,30,0,8.28
415,Whitianga,NZ,2021-01-28 08:08:40,-36.8333,175.7,66.0,87,3,5.99
416,Roebourne,AU,2021-01-28 08:08:40,-20.7833,117.1333,98.56,26,0,16.24
417,Gizo,SB,2021-01-28 08:08:40,-8.103,156.8419,83.79,76,100,13.98
418,Mubi,NG,2021-01-28 08:04:25,10.2676,13.2644,80.28,14,11,4.25
419,Tangzhai,CN,2021-01-28 08:08:41,34.4328,116.5911,46.99,27,0,1.01
420,Mandera,KE,2021-01-28 08:08:41,3.9366,41.867,88.66,34,33,15.57
421,Araouane,ML,2021-01-28 08:08:41,18.9048,-3.5265,62.24,30,0,12.03
422,Necochea,AR,2021-01-28 08:08:41,-38.5473,-58.7368,64.09,47,97,8.77
423,Alanya,TR,2021-01-28 08:08:41,36.5438,31.9998,53.6,50,75,17.27
424,Itarema,BR,2021-01-28 08:08:41,-2.9248,-39.9167,76.48,89,100,9.35
425,Ayr,GB,2021-01-28 08:08:42,55.4627,-4.6339,37.4,93,90,12.66
426,Mount Gambier,AU,2021-01-28 08:08:42,-37.8333,140.7667,80.6,50,90,11.5
427,Emerald,AU,2021-01-28 08:04:12,-23.5333,148.1667,95.0,28,40,8.05
428,Tarija,BO,2021-01-28 08:08:42,-21.5355,-64.7296,58.68,79,1,2.51
429,Kudahuvadhoo,MV,2021-01-28 08:08:42,2.6708,72.8944,80.51,67,27,15.52
430,Flinders,AU,2021-01-28 08:08:42,-34.5833,150.8552,70.0,73,100,4.0
431,Hokitika,NZ,2021-01-28 08:08:42,-42.7167,170.9667,54.27,77,5,12.26
432,Onda,ES,2021-01-28 08:04:08,39.9667,-0.25,57.0,93,0,2.3
433,Polyarnyy,RU,2021-01-28 08:08:43,69.1989,33.4478,6.8,85,0,6.71
434,Tazovskiy,RU,2021-01-28 08:08:43,67.4667,78.7,-38.04,81,11,6.08
435,Praia,CV,2021-01-28 08:08:43,14.9215,-23.5087,71.6,37,0,11.5
436,Imbituba,BR,2021-01-28 08:07:23,-28.24,-48.6703,78.8,78,40,6.91
437,Umm Lajj,SA,2021-01-28 08:08:43,25.0213,37.2685,75.09,55,0,5.77
438,Shablykino,RU,2021-01-28 08:08:43,52.8566,35.1964,33.37,99,100,8.55
439,Shimoda,JP,2021-01-28 08:08:43,34.6667,138.95,44.6,87,75,21.85
440,De-Kastri,RU,2021-01-28 08:08:44,51.4667,140.7833,-2.51,86,100,8.81
441,Hongjiang,CN,2021-01-28 08:08:44,27.11,109.9956,58.59,41,0,5.08
442,Menomonie,US,2021-01-28 08:07:44,44.8755,-91.9193,6.01,72,90,1.74
443,Jiazi,CN,2021-01-28 08:08:44,22.8779,116.067,71.89,48,0,8.55
444,Novyy Urengoy,RU,2021-01-28 08:06:50,66.0833,76.6333,-38.87,80,100,7.85
445,Doctor Juan Leon Mallorquin,PY,2021-01-28 08:08:44,-25.4,-55.2667,71.6,100,75,5.75
446,Mount Holly,US,2021-01-28 08:05:56,35.2982,-81.0159,41.0,87,90,8.05
447,Bukachacha,RU,2021-01-28 08:08:45,52.9833,116.9167,-12.8,82,19,2.19
448,Ramgarh,IN,2021-01-28 08:06:20,23.6333,85.5167,77.0,41,0,5.75
449,Bukoba,TZ,2021-01-28 08:08:45,-1.3317,31.8122,78.3,52,1,6.98
450,Denpasar,ID,2021-01-28 08:08:00,-8.65,115.2167,87.8,74,20,11.5
451,Banjar,ID,2021-01-28 08:08:45,-8.19,114.9675,87.8,74,20,11.5
452,Kosonsoy,UZ,2021-01-28 08:08:45,41.2561,71.5508,44.6,29,0,2.3
453,Hillsboro,US,2021-01-28 08:08:45,45.5229,-122.9898,42.8,87,90,5.75
454,Tutoia,BR,2021-01-28 08:08:45,-2.7619,-42.2744,74.77,93,100,5.88
455,Altay,CN,2021-01-28 08:08:46,47.8667,88.1167,11.8,85,0,1.39
456,Morondava,MG,2021-01-28 08:08:46,-20.2833,44.2833,85.42,70,3,5.55
457,Basco,PH,2021-01-28 08:08:46,20.4487,121.9702,72.88,78,48,15.68
458,Aguimes,ES,2021-01-28 08:08:46,27.9054,-15.4461,66.0,45,0,3.44
459,Sinjar,IQ,2021-01-28 08:08:46,36.3209,41.8754,48.0,81,92,16.96
460,Kualakapuas,ID,2021-01-28 08:08:46,-3.0091,114.3876,86.0,70,40,2.3
461,San Mateo Del Mar,MX,2021-01-28 08:08:46,16.2,-95.0,79.63,69,100,33.22
462,Suhut,TR,2021-01-28 08:08:47,38.5311,30.5458,28.4,80,75,5.75
463,Dunedin,NZ,2021-01-28 08:08:47,-45.8742,170.5036,48.0,77,76,10.0
464,Diego De Almagro,CL,2021-01-28 08:08:47,-26.3667,-70.05,56.05,60,0,0.74
465,Chase,CA,2021-01-28 08:08:47,50.8165,-119.6857,26.6,100,100,1.14
466,San Cosme Y Damian,PY,2021-01-28 08:08:47,-27.3167,-56.35,70.3,97,10,4.56
467,La Orilla,MX,2021-01-28 08:08:47,17.9833,-102.2333,73.06,79,97,4.74
468,San Quintin,MX,2021-01-28 08:08:47,30.4833,-115.95,54.27,59,100,3.6
469,Waipawa,NZ,2021-01-28 08:08:48,-41.4122,175.5153,55.4,76,90,21.85
470,Ossora,RU,2021-01-28 08:08:48,59.2353,163.0719,-1.23,83,96,5.06
471,Nelson Bay,AU,2021-01-28 08:08:48,-32.7167,152.15,69.01,100,90,18.41
472,Dukat,RU,2021-01-28 08:08:48,62.55,155.55,-35.12,81,100,5.64
473,Marawi,PH,2021-01-28 08:08:48,7.9986,124.2928,82.0,80,100,5.01
474,Victor Harbor,AU,2021-01-28 08:08:48,-35.5667,138.6167,68.0,81,100,1.01
475,Wangaratta,AU,2021-01-28 08:08:48,-36.3667,146.3333,69.8,88,75,3.44
476,Sioni,GE,2021-01-28 08:08:49,41.9895,45.0239,42.8,56,100,2.3
477,Antalaha,MG,2021-01-28 08:08:49,-14.9003,50.2788,84.87,64,12,7.94
478,Sao Miguel Do Araguaia,BR,2021-01-28 08:08:49,-13.275,-50.1628,70.63,96,100,5.7
479,Dakar,SN,2021-01-28 08:05:16,14.6937,-17.4441,64.4,82,0,9.22
480,Pisz,PL,2021-01-28 08:08:49,53.6274,21.8125,30.2,74,40,8.05
481,Pierre,US,2021-01-28 08:08:49,44.3683,-100.351,14.0,79,1,14.97
482,Pindiga,NG,2021-01-28 08:08:49,9.9833,10.9333,77.72,15,12,12.44
483,Nanticoke,US,2021-01-28 08:08:50,41.2054,-76.0049,23.0,69,100,1.01
484,Shahr-E Babak,IR,2021-01-28 08:08:50,30.1165,55.1186,54.03,30,30,7.78
485,Iracoubo,GF,2021-01-28 08:08:50,5.4802,-53.2011,76.01,83,96,11.23
486,Bardsir,IR,2021-01-28 08:08:50,29.9227,56.5743,50.0,16,0,4.61
487,Boende,CD,2021-01-28 08:08:50,-0.2167,20.8667,80.87,68,89,3.49
488,Grants,US,2021-01-28 08:08:50,35.1473,-107.8514,19.4,79,1,3.44
489,Tessalit,ML,2021-01-28 08:08:50,20.1986,1.0114,67.48,23,0,13.67
490,Key West,US,2021-01-28 08:04:19,24.5557,-81.7826,73.4,94,20,3.44
491,Timiryazevskoye,RU,2021-01-28 08:08:51,56.49,84.8769,1.0,83,100,3.04
492,Atuntaqui,EC,2021-01-28 08:08:51,0.3333,-78.2167,55.4,94,75,2.3
493,Sola,VU,2021-01-28 08:08:51,-13.8833,167.55,82.26,74,100,8.55
494,Fez,MA,2021-01-28 08:08:51,34.0372,-4.9998,46.4,93,0,5.75
495,Nobres,BR,2021-01-28 08:08:51,-14.7203,-56.3275,72.32,89,100,1.43
496,Zhigansk,RU,2021-01-28 08:08:51,66.7697,123.3711,-50.12,75,95,5.66
497,Puerto Narino,CO,2021-01-28 08:08:51,-3.7703,-70.3831,75.2,100,90,1.74
498,Wajir,KE,2021-01-28 08:08:52,1.7471,40.0573,88.3,42,76,11.72
499,Wajima,JP,2021-01-28 08:08:52,37.4,136.9,39.2,75,75,8.05
500,Richards Bay,ZA,2021-01-28 08:08:52,-28.783,32.0377,69.93,91,100,10.65
501,Behbahan,IR,2021-01-28 08:08:52,30.5959,50.2417,66.2,45,0,6.91
502,Bom Jesus Da Lapa,BR,2021-01-28 08:08:52,-13.255,-43.4181,67.91,70,70,3.33
503,Yarim,YE,2021-01-28 08:08:52,14.298,44.3779,63.77,20,0,5.23
504,Sao Joao Da Barra,BR,2021-01-28 08:08:52,-21.6403,-41.0511,74.03,84,13,13.42
505,Corn Island,NI,2021-01-28 08:08:53,12.1694,-83.0418,80.31,78,98,21.85
506,Nushki,PK,2021-01-28 08:08:53,29.5542,66.0215,55.65,28,0,3.85
507,Zemio,CF,2021-01-28 08:08:53,5.0314,25.1361,93.15,32,89,1.43
508,Ndioum,SN,2021-01-28 08:08:53,16.5129,-14.6471,62.6,36,0,2.3
509,Huanren,CN,2021-01-28 08:08:53,41.2647,125.3667,6.3,84,100,11.86
510,Kastamonu,TR,2021-01-28 08:04:30,41.5,33.6667,26.6,100,90,6.91
511,Westport,US,2021-01-28 08:08:53,41.1415,-73.3579,30.2,64,90,9.22
512,Lacolle,CA,2021-01-28 08:08:54,45.0834,-73.3659,21.99,86,98,5.75
513,Turayf,SA,2021-01-28 08:08:54,31.6725,38.6637,51.8,62,0,11.5
514,Kropotkin,RU,2021-01-28 08:08:54,45.4375,40.5756,46.31,68,69,4.54
515,Sao Lourenco Do Oeste,BR,2021-01-28 08:08:54,-26.3592,-52.8511,64.08,100,91,6.22
516,Coquimbo,CL,2021-01-28 08:06:40,-29.9533,-71.3436,59.0,94,75,2.3
517,Saint-Georges,GD,2021-01-28 08:08:54,12.0564,-61.7485,77.0,78,20,10.36
518,Mafinga,TZ,2021-01-28 08:08:54,-7.25,35.0667,79.21,65,22,3.51
519,Hulan,CN,2021-01-28 08:08:55,45.9833,126.6,1.4,55,0,8.95
520,Whitehorse,CA,2021-01-28 08:08:55,60.7161,-135.0538,-13.0,77,1,19.57
521,Crixas,BR,2021-01-28 08:08:55,-14.5489,-49.9692,69.82,93,100,6.62
522,Xuddur,SO,2021-01-28 08:08:55,4.1213,43.8894,85.96,26,4,23.67
523,Iwanai,JP,2021-01-28 08:08:55,42.9744,140.5089,21.45,91,78,7.07
524,Goderich,CA,2021-01-28 08:04:13,43.7501,-81.7165,23.0,68,100,17.27
525,Portland,US,2021-01-28 08:05:03,45.5234,-122.6762,43.0,87,90,10.36
526,Myitkyina,MM,2021-01-28 08:08:56,25.3833,97.4,85.24,22,0,0.94
527,Enshi,CN,2021-01-28 08:08:56,30.3,109.4833,55.31,53,7,2.59
528,Siyabuswa,ZA,2021-01-28 08:08:56,-25.1132,29.0445,81.19,55,100,5.79
529,Kedrovyy,RU,2021-01-28 08:08:56,56.1667,91.8167,-2.2,55,0,15.66
530,Olinda,BR,2021-01-28 08:08:56,-8.0089,-34.8553,73.4,83,75,3.44
531,Udachnyy,RU,2021-01-28 08:08:56,66.4167,112.4,-38.72,79,17,3.47
532,Nantucket,US,2021-01-28 08:08:56,41.2835,-70.0995,36.0,100,90,8.05
533,Hukuntsi,BW,2021-01-28 08:08:57,-24.0,21.75,82.98,21,1,8.75
534,Yumen,CN,2021-01-28 08:08:57,40.2833,97.2,35.51,58,0,14.97
535,Harmanli,BG,2021-01-28 08:08:57,41.9333,25.9,35.01,65,76,7.61
536,Usogorsk,RU,2021-01-28 08:08:57,63.4106,48.6872,26.35,97,95,8.61
537,Mao,ES,2021-01-28 08:08:57,39.8885,4.2658,51.8,100,0,8.86
538,Oparino,RU,2021-01-28 08:08:58,59.8518,48.2783,26.42,97,96,5.95
539,Brae,GB,2021-01-28 08:08:58,60.3964,-1.353,32.0,80,20,8.05
540,Kaiyuan,CN,2021-01-28 08:08:58,23.6977,103.3037,63.27,48,90,3.94
541,Vostok,RU,2021-01-28 08:08:58,46.4856,135.8833,-6.56,89,44,2.55
542,Luang Prabang,LA,2021-01-28 08:08:58,19.8856,102.1347,89.6,35,20,6.91
543,La Ronge,CA,2021-01-28 08:08:58,55.1001,-105.2842,-4.0,71,100,4.61
544,Antofagasta,CL,2021-01-28 08:08:58,-23.65,-70.4,64.4,82,90,1.14
545,Price,US,2021-01-28 08:08:59,39.5994,-110.8107,24.8,86,90,4.61
546,Korem,ET,2021-01-28 08:04:14,12.5058,39.5228,61.27,30,0,7.4
547,Dudinka,RU,2021-01-28 08:08:59,69.4058,86.1778,-32.93,79,0,3.06
548,Orotukan,RU,2021-01-28 08:08:59,62.2667,151.7,-31.88,81,100,2.08
549,Inhapim,BR,2021-01-28 08:08:59,-19.5492,-42.12,63.5,92,0,1.52
550,Fortuna,US,2021-01-28 08:08:59,40.5982,-124.1573,45.0,100,90,8.05
551,Razole,IN,2021-01-28 08:09:00,16.4833,81.8333,87.8,58,75,5.75
552,Chifeng,CN,2021-01-28 08:06:00,42.2683,118.9636,1.38,82,0,7.14
553,Cairns,AU,2021-01-28 08:09:00,-16.9167,145.7667,77.0,88,75,11.5
554,Ilebo,CD,2021-01-28 08:09:00,-4.3167,20.5833,78.19,79,100,1.7
555,Port Blair,IN,2021-01-28 08:09:00,11.6667,92.75,82.69,69,0,14.5
556,Rio Grande,BR,2021-01-28 08:09:00,-32.035,-52.0986,71.01,98,27,8.19
557,Tailai,CN,2021-01-28 08:09:00,46.3833,123.4,-0.56,66,0,9.22
558,Shihezi,CN,2021-01-28 08:09:01,44.3,86.0333,12.24,93,92,3.56
559,Sept-Iles,CA,2021-01-28 08:09:01,50.2001,-66.3821,15.8,73,0,5.75
560,Suntar,RU,2021-01-28 08:09:01,62.1444,117.6319,-43.08,79,100,2.66
561,Makat,KZ,2021-01-28 08:09:01,47.6469,53.3463,32.79,93,100,24.79
562,Nabire,ID,2021-01-28 08:09:01,-3.3667,135.4833,81.52,78,100,3.29
563,Kavaratti,IN,2021-01-28 08:09:01,10.5669,72.642,80.62,72,84,13.38
564,Bay Roberts,CA,2021-01-28 08:09:02,47.5999,-53.2648,24.01,93,17,3.0
565,Grandview,US,2021-01-28 08:05:00,38.8858,-94.533,26.01,93,1,4.16
566,Evensk,RU,2021-01-28 08:09:02,61.95,159.2333,-3.87,85,99,12.64
567,Srednekolymsk,RU,2021-01-28 08:09:02,67.45,153.6833,-23.35,86,100,10.98
568,Qasigiannguit,GL,2021-01-28 08:06:12,68.8193,-51.1922,6.8,47,0,3.44
